{
  "'s-gravenhage": "the hague",
  "(ירושלים)": "jerusalem",
  "[a paris]": "a paris",
  "[aarhus]": "aarhus",
  "[ales]": "ales",
  "[amay]": "amay",
  "[amstelaedami?]": "amsterdam",
  "[amstelodami]": "amsterdam",
  "[amsterdam]": "amsterdam",
  "[argentin[a]e]": "argentina",
  "[argentorati]": "strasbourg",
  "[augusta vindelicorum]": "augusta vindelicorum",
  "[augustae vindelicorum (i.e. augsburg)]": "augsburg",
  "[aureliae allobrogum]": "geneva",
  "[bacău]": "bacau",
  "[basileae]": "basel",
  "[bayreuth]": "bayreuth",
  "[belgium]": "belgium",
  "[berlin-schöneberg?]": "berlin",
  "[berlin]": "berlin",
  "[bruxelles?]": "brussels",
  "[charlottenburg]": "charlottenburg",
  "[coloniae]": "cologne",
  "[cummington, mass.]": "cummington",
  "[en parisiois]": "en parisiois",
  "[ethiopia]": "ethiopia",
  "[firenze]": "florence",
  "[folcroft, pa.]": "folcroft",
  "[france]": "france",
  "[francofortae?]": "frankfurt",
  "[frankfurt a.m.]": "frankfurt",
  "[frankfurt am main]": "frankfurt am main",
  "[germany]": "germany",
  "[haag]": "haag",
  "[haarlem]": "haarlem",
  "[hagae]": "the hague",
  "[hamburg]": "hamburg",
  "[hamburgi]": "hamburg",
  "[hannover]": "hannover",
  "[harlem]": "harlem",
  "[heidelberg]": "heidelberg",
  "[heidelbergae]": "heidelberg",
  "[henstedt]": "henstedt",
  "[hommerich]": "hommerich",
  "[kehl]": "kehl",
  "[kjobenhavn]": "kjobenhavn",
  "[krasnoi͡arsk?]": "krasnoyarsk",
  "[københvn]": "copenhagen",
  "[le caire]": "le caire",
  "[leipzig]": "leipzig",
  "[leyden]": "leyden",
  "[lipsiae]": "leipzig",
  "[london?]": "london",
  "[london]": "london",
  "[los angeles, calif.]": "los angeles",
  "[loughborough, leicestershire]": "loughborough",
  "[lugundi]": "leiden",
  "[mannheim]": "mannheim",
  "[messkirch]": "messkirch",
  "[modena]": "modena",
  "[munchen]": "munich",
  "[mutinae]": "modena",
  "[münchen]": "munich",
  "[new york]": "new york",
  "[norimbergae]": "nuremberg",
  "[nürnberg]": "nuremberg",
  "[ortona a mare]": "ortona a mare",
  "[palma de mallorca]": "palma de mallorca",
  "[paris]": "paris",
  "[parisiis]": "paris",
  "[pest] pestini": "pest",
  "[pisauri]": "pisauri",
  "[place of publication not identified]": "place of publication not identified",
  "[roma]": "rome",
  "[s.l.](hafniae?)": "copenhagen",
  "[segovia]": "segovia",
  "[stuttgart]": "stuttgart",
  "[tel-aviv?]": "tel aviv",
  "[ulm]": "ulm",
  "[utrecht]": "utrecht",
  "[valladolid?]": "valladolid",
  "[venice]": "venice",
  "[vinegia]": "venice",
  "[wien?]": "vienna",
  "[wolfenbuttel]": "wolfenbuttel",
  "[zurich]": "zurich",
  "[אזמיר?]": "izmir",
  "[אלטדורף]": "altorf",
  "[אמסטרדם]": "amsterdam",
  "[אמשטירדאם?]": "amsterdam",
  "[אמשטירדם]": "amsterdam",
  "[אמשטרדם]": "amsterdam",
  "[בולוני\"יא]": "bologna",
  "[ברלין]": "berlin",
  "[המבורג]": "hamburg",
  "[הנאו?]": "hanau",
  "[וואנזבעק]": "wandsbek",
  "[וואנזיבעק]": "vienna",
  "[וינה]": "vienna",
  "[ויניציאה]": "venice",
  "[ונציה]": "venice",
  "[יוהנסבורג?]": "johannesburg",
  "[יפו]": "jaffa",
  "[ירושלים?]": "jerusalem",
  "[ירושלים]": "jerusalem",
  "[ירושלם]": "jerusalem",
  "[לאשצוב]": "leszno",
  "[לבוב?]": "lviv",
  "[ניו יורק]": "new york",
  "[ניו-יורק]": "new york",
  "[פאר\"יש]": "paris",
  "[פיורדא]": "furth",
  "[פרנקפורט דמיין]": "frankfurt am main",
  "[פרנקפורט]": "frankfurt",
  "[קראקא]": "krakow",
  "[קרימונה]": "cremona",
  "[ריווא די טרנטו]": "rovereto",
  "[רמת-גן]": "ramat gan",
  "[תל-אביב?]": "tel aviv",
  "[תל-אביב]": "tel aviv",
  "[استانبول]": "istanbul",
  "a amsterdam": "amsterdam",
  "a basle": "basel",
  "a berlin": "berlin",
  "a cologne": "cologne",
  "a geneve": "geneva",
  "a la haye": "the hague",
  "a lausanne": "lausanne",
  "a lausanne et a berne": "lausanne berne",
  "a liege": "liege",
  "a lille": "lille",
  "a lione": "lyon",
  "a londres": "london",
  "a lyon": "lyon",
  "a mons": "mons",
  "a nancy": "nancy",
  "a paris et se vend à liège": "paris",
  "a paris,": "paris",
  "a paris, rue dauphine": "paris",
  "a rotterdam": "rotterdam",
  "a rouen": "rouen",
  "a toulouse": "toulouse",
  "a utrecht": "utrecht",
  "a venise": "venice",
  "amay, belgique": "amay",
  "amberes": "antwerp",
  "amstelaedami": "amsterdam",
  "amstelaedami [amsterdam]": "amsterdam",
  "amstelaedami et ultrajecti": "amsterdam and utrecht",
  "amstelaedami?": "amsterdam",
  "amstelodami": "amsterdam",
  "amsterodami": "amsterdam",
  "amstelrodami": "amsterdam",
  "amstelædami": "amsterdam",
  "amsterdami": "amsterdam",
  "annaebergae": "annaberg",
  "antverpiae": "antwerp",
  "antwerpen": "antwerp",
  "appleford": "appleford",
  "argentin[a]e": "argentina",
  "argentorati": "strasbourg",
  "augspurg": "augsburg",
  "augustae vind. [augsburg]": "augsburg",
  "augustae vindelicorum": "augsburg",
  "augustae vindelicorum (i.e. augsburg)": "augsburg",
  "augustæ taurinorum": "turin",
  "aureliae allobrogum": "geneva",
  "autrecht": "utrecht",
  "aux deux-ponts [i.e. geneva?]": "geneva",
  "avenione,": "avignon",
  "bacău": "bacau",
  "bad goisern": "bad goisern",
  "bambergae": "bamberg",
  "barcel[ona].": "barcelona",
  "basil": "basel",
  "basileae": "basel",
  "basileæ": "basel",
  "belves (dordogne)": "belves",
  "berkeley heights, n.j.": "berkeley heights",
  "berlin und stettin": "berlin",
  "berlin-grunewald": "berlin",
  "berlin-schoeneberg": "berlin",
  "berlin-schöneberg?": "berlin",
  "berlin-wilmersdorf": "berlin",
  "berlini": "berlin",
  "berolini": "berlin",
  "bilthoven, netherlands": "bilthoven",
  "bonon": "bologna",
  "bononiae": "bologna",
  "bordighere": "bordighera",
  "bredae": "breda",
  "bremae": "bremen",
  "bremae [bremen]": "bremen",
  "brunn": "brno",
  "brunsvigae": "brunswick",
  "brussel": "brussels",
  "bruxelles": "brussels",
  "bruxelles?": "brussels",
  "brünn": "brno",
  "budissae": "bautzen",
  "buetzow und wismar": "buetzow wismar",
  "burg giebichenstein": "halle",
  "calcutta": "kolkata",
  "caragoca": "zaragoza",
  "carlsruhe": "karlsruhe",
  "chalon sur saone": "chalon sur saone",
  "chernigov": "chernihiv",
  "chicago, ill.": "chicago",
  "cizae [i.e. zeitz]": "zeitz",
  "cizae [zeitz]": "zeitz",
  "coloniae": "cologne",
  "coloniae agrippinae": "cologne",
  "coloniae allobrogum": "geneva",
  "coloniae munatianae": "munster",
  "copenhague": "copenhagen",
  "costantz": "konstanz",
  "cracoviae": "krakow",
  "culver city, calif.": "culver city",
  "cummington, mass.": "cummington",
  "danzig": "gdansk",
  "delphis": "delphi",
  "den haag": "the hague",
  "deutschland": "germany",
  "dilingae": "dillingen",
  "dresdae": "dresden",
  "dublinii": "dublin",
  "duren": "duren",
  "einsiedeln": "einsiedeln",
  "elbing": "elblag",
  "eleutheropoli": "bethlehem",
  "en amsterdam": "amsterdam",
  "en caragoca": "zaragoza",
  "en madrid": "madrid",
  "erffurth": "erfurt",
  "erlangae": "erlangen",
  "et à bruxelles": "brussels",
  "ev te rotterdam": "rotterdam",
  "excusum isnae": "jena",
  "famagouste, chypre": "famagusta",
  "fano": "fano",
  "fermo": "fermo",
  "firenze": "florence",
  "flatbush, long island": "brooklyn",
  "florentiae": "florence",
  "folcroft, pa.": "folcroft",
  "frackfurt": "frankfurt",
  "france?": "france",
  "francfort": "frankfurt",
  "franckfurt": "frankfurt",
  "franckfurt am mayn": "frankfurt",
  "franckfurt am mäyn": "frankfurt am main",
  "franckfurt und leipzig": "frankfurt leipzig",
  "franckfurt und leipzig.": "frankfurt leipzig",
  "franckfurth": "frankfurt",
  "francofurtensis": "frankfurt",
  "francofurti ad moenium": "frankfurt",
  "francofurti ad moenum": "frankfurt",
  "francofurti et hamburgi": "frankfurt hamburg",
  "francofurti et lipsiæ": "frankfurt and leipzig",
  "francofvrti": "frankfurt",
  "franequerae": "franeker",
  "franequeræ": "franeker",
  "frankfurt [germany]": "frankfurt",
  "frankfurt a. m": "frankfurt",
  "frankfurt a. m.": "frankfurt",
  "frankfurt a.m.": "frankfurt",
  "frankfurt und leipzig": "frankfurt leipzig",
  "frankfurt-main": "frankfurt",
  "freistadii": "freistadt",
  "friedenau bei berlin": "berlin",
  "gand": "ghent",
  "gedruck zu königsberg in preussen": "konigsberg",
  "gedruck zu strassburg": "strasbourg",
  "gedruckt zu frankfurt am mayn": "frankfurt",
  "gedruckt zu wittemberg": "wittenberg",
  "geismariæ": "geismar",
  "genevae": "geneva",
  "geneve": "geneva",
  "genève": "geneva",
  "germanien": "germany",
  "gerusalemme": "jerusalem",
  "gheprint tot amstelredam": "amsterdam",
  "glasgua": "glasgow",
  "glasguae": "glasgow",
  "goettingae": "gottingen",
  "goslariae": "goslar",
  "gosslar": "goslar",
  "gottingae": "gottingen",
  "gottingæ": "gottingen",
  "graecii [graz]": "graz",
  "groningae": "groningen",
  "groningæ": "groningen",
  "hafniae": "copenhagen",
  "hafniæ": "copenhagen",
  "hagae": "the hague",
  "hagae comitis": "the hague",
  "hagae comitum": "the hague",
  "hagae-comitum": "the hague",
  "hagæ comitum": "the hague",
  "hagæ-comitis": "the hague",
  "halae": "halle",
  "halae magdeburgicae": "halle",
  "halae saxonum": "halle",
  "halae, saxonum": "halle",
  "halle im magdeburgischen": "halle",
  "halle, im magdeburgischen": "halle",
  "halæ magdeburgicæ": "halle",
  "hamburg und leipzig": "hamburg",
  "hamburg?": "hamburg",
  "hamburgi": "hamburg",
  "hamm": "hamm",
  "hanau main": "hanau",
  "harper woods, mich.": "harper woods",
  "heidelbergae": "heidelberg",
  "helmestadii": "helmstedt",
  "helmstadii": "helmstedt",
  "hilversum, holland": "hilversum",
  "ienae": "jena",
  "impressa venetiis": "venice",
  "impressi lugd[uni]": "lyon",
  "impressum venetiis": "venice",
  "imprime a rouen, et se vend a paris": "rouen",
  "in bologna": "bologna",
  "in firenze": "florence",
  "in inclyta helvetiorum basilea": "basel",
  "in modena": "modena",
  "in napoli": "naples",
  "in nürnberg": "nurnberg",
  "in palermo": "palermo",
  "in venetia": "venice",
  "in venezia": "venice",
  "in verona": "verona",
  "in vicenza": "vicenza",
  "in's graavenhaage": "the hague",
  "jaén (españa)": "jaen",
  "jenae": "jena",
  "jenæ": "jena",
  "kelheim-donau": "kelheim",
  "kiøbenhavn": "copenhagen",
  "kjøbenhavn": "copenhagen",
  "kobenhavn": "copenhagen",
  "koln": "cologne",
  "konigsberg in preussen": "kaliningrad",
  "krasnoi͡arsk?": "krasnoyarsk",
  "kynsperk nad ohri, csr": "kynsperk nad ohri",
  "köln": "cologne",
  "königsberg": "kaliningrad",
  "københavn": "copenhagen",
  "københvn": "copenhagen",
  "la haye": "the hague",
  "la haye, [holland]": "the hague",
  "lausannae": "lausanne",
  "leidæ": "leiden",
  "leipzic": "leipzig",
  "lemberg": "lviv",
  "leyde": "leiden",
  "liegnitz": "legnica",
  "liegnitz [legnica, poland]": "legnica",
  "lipsiae": "leipzig",
  "lipsiae & francofurti": "leipzig frankfurt",
  "lipsiae [i.e. leipzig]": "leipzig",
  "lipsiae et wittenbergae": "leipzig and wittenberg",
  "lipsiæ": "leipzig",
  "lipsiæ & francofurti": "leipzig and frankfurt",
  "lisboa": "lisbon",
  "londini": "london",
  "london?": "london",
  "londoni": "london",
  "londra": "london",
  "londres": "london",
  "londres [i.e. paris?]": "paris",
  "londres [i.e. paris]": "paris",
  "los angeles, calif.": "los angeles",
  "loughborough, leicestershire": "loughborough",
  "loughborough, leics.": "loughborough",
  "lugd. batav.": "leiden",
  "lugd. batavor": "leiden",
  "lugd. batavorum": "leiden",
  "lugdundi batavorum": "leiden",
  "lugduni": "lyon",
  "lugduni batavorum": "leiden",
  "lugduni batavorum et leovardiæ": "leiden leeuwarden",
  "lugduni in batavis": "leiden",
  "lugduni, batavorum": "leiden",
  "lugundi": "leiden",
  "lugundi batavorum": "leiden",
  "lutetiae": "paris",
  "lutetiae parisiorum": "paris",
  "lutetiæ parisiorum": "paris",
  "lvgd. batavor.": "leiden",
  "lvgdvni": "lyon",
  "lvgdvni batavorvm": "leiden",
  "lübeck": "lubeck",
  "maestricht": "maastricht",
  "mantova": "mantua",
  "marburgi cattorum": "marburg",
  "marchainville": "marchainville",
  "meadville, pa.": "meadville",
  "mediolani": "milan",
  "meissen": "meissen",
  "metuchen, n.j.": "metuchen",
  "middelburg": "middelburg",
  "milano": "milan",
  "mogvntiae": "mainz",
  "monachii": "munich",
  "mortemart": "mortemart",
  "moskva": "moscow",
  "munchen": "munich",
  "mutinae": "modena",
  "müchen": "munich",
  "münchen": "munich",
  "napoli": "naples",
  "neapoli": "naples",
  "neuchâtel": "neuchatel",
  "new orleans, la.": "new orleans",
  "new york, n.y.": "new york",
  "newark, n.j.": "newark",
  "nordlingen": "noerdlingen",
  "noribergae": "nuremberg",
  "norimbergae": "nuremberg",
  "norimbergae [nuremberg]": "nuremberg",
  "norjbergae": "nuremberg",
  "north hills, pa.": "north hills",
  "northumberland-court": "london",
  "nuernberg": "nuremberg",
  "nürnberg": "nuremberg",
  "oadby leicester": "oadby leicester",
  "offenbaci ad moenum": "offenbach am main",
  "onolzbach": "ansbach",
  "oxon": "oxford",
  "oxonii": "oxford",
  "padova": "padua",
  "parisiis": "paris",
  "parizh": "paris",
  "parmae": "parma",
  "patavii": "padua",
  "patavii [padua]": "padua",
  "pinner, middlesex": "pinner",
  "port washington, n. y.": "port washington",
  "portland, me.": "portland",
  "prag": "prague",
  "pragae": "prague",
  "pragæ": "prague",
  "praha": "prague",
  "prostat augustæ vindel.": "augsburg",
  "rastatt": "rastatt",
  "ratisbone": "regensburg",
  "regiomonti": "konigsberg",
  "roma": "rome",
  "romae": "rome",
  "romæ": "rome",
  "rostochii": "rostock",
  "rotterodami": "rotterdam",
  "rupellae": "la rochelle",
  "salisburgi [salzburg]": "salzburg",
  "salisbury, n.c.": "salisbury",
  "sankt peterburg": "saint petersburg",
  "schnepfenthal": "schnepfenthal",
  "schwabach": "schwabach",
  "schwabish gmund": "schwaebisch gmuend",
  "schweidnitz": "swidnica",
  "seoul, korea": "seoul",
  "solisbaci": "sunzach",
  "south pasadena, calif.": "south pasadena",
  "spirae [i.e. speyer]": "speyer",
  "st. moritz": "st moritz",
  "strassburg": "strasbourg",
  "stuttgart-bad cannstatt": "stuttgart",
  "sultzbach": "sulzbach",
  "t' amsterdam": "amsterdam",
  "t'amsterdam": "amsterdam",
  "t'utr.": "utrecht",
  "t'utrrecht": "utrecht",
  "te amsterdam": "amsterdam",
  "te haarlem": "haarlem",
  "te haarlem en amsterdam": "haarlem and amsterdam",
  "te leeuwarden": "leeuwarden",
  "te leyden": "leiden",
  "te utrecht": "utrecht",
  "tel-aviv": "tel aviv",
  "tel-aviv?": "tel aviv",
  "tiguri": "zurich",
  "torino": "turin",
  "tot dordrecht": "dordrecht",
  "tot koningsbergen": "kaliningrad",
  "traiecti ad rhenum,": "utrecht",
  "trajecti ad rhenum": "utrecht",
  "trajecti batavorum": "utrecht",
  "tubingae": "tubingen",
  "tubingǣ": "tubingen",
  "tübingen": "tubingen",
  "ulmae": "ulm",
  "ultrajecti": "utrecht",
  "upsaliae": "uppsala",
  "v' sanktpeterburg'": "saint petersburg",
  "valladolid?": "valladolid",
  "venegia": "venice",
  "venetia": "venice",
  "venetiis": "venice",
  "venetiis impressa": "venice",
  "venetijs": "venice",
  "venezia": "venice",
  "vevey": "vevey",
  "vindobonae": "vienna",
  "vinegia": "venice",
  "vitembergae": "wittenberg",
  "vittembergae saxonum": "wittenberg",
  "vvitebergae": "wittenberg",
  "vvittebergæ saxonvm": "wittenberg",
  "vvittembergae": "wittenberg",
  "w lwowie": "lviv",
  "warszawa": "warsaw",
  "wembley": "london",
  "wien": "vienna",
  "wien?": "vienna",
  "wienn": "vienna",
  "wittebergae": "wittenberg",
  "wittebergæ saxonvm": "wittenberg",
  "wittenbergæ": "wittenberg",
  "wurzburg": "wuerzburg",
  "zaragoza": "saragossa",
  "zerkall": "zerkall",
  "zürich": "zurich",
  "à amsterdam": "amsterdam",
  "à basle": "basel",
  "à genève": "geneva",
  "à paris": "paris",
  "אודיסא": "odessa",
  "אודסה": "odessa",
  "אויגנייון": "agen",
  "אופי באך": "offenbach",
  "אזמיר": "izmir",
  "אזמיר?": "izmir",
  "איזנה": "eisenach",
  "אלטדורף": "altdorf",
  "אלטונא": "altona",
  "אלקדס": "jerusalem",
  "אמסטערדאם": "amsterdam",
  "אמסטרדם": "amsterdam",
  "אמשטילרדם": "amsterdam",
  "אמשטירדאם": "amsterdam",
  "אמשטירדאם?": "amsterdam",
  "אמשטירדם": "amsterdam",
  "אמשטרדאם": "amsterdam",
  "אמשטרדם": "amsterdam",
  "אנוירשה": "warsaw",
  "אנטוורפן": "antwerp",
  "ארם צובא": "aleppo",
  "באזיל": "basel",
  "באזיליא": "basel",
  "באזיליאה": "basel",
  "בודאפעסט": "budapest",
  "בודאפעשט": "budapest",
  "בולונ\"ייא": "bologna",
  "בולוני\"יא": "bologna",
  "בולונייא": "bologna",
  "בני ברק": "bnei brak",
  "בסיליאה": "basel",
  "בערגן-בעלזן": "bergen belsen",
  "בערלין": "berlin",
  "ברלין": "berlin",
  "ברעסלויא": "breslau",
  "ג'רבה": "djerba",
  "גוזלאווא": "jezlow",
  "גיסא": "giza",
  "גנווא": "geneva",
  "דיהרנפורט": "dehrenfurt",
  "דעסא": "dessau",
  "דעסוי": "dessau",
  "דעסויא": "dessau",
  "דראהאביטש": "drohobych",
  "האג": "the hague",
  "האנוויאה": "hanau",
  "הומבורג": "hamburg",
  "הומברג": "hamburg",
  "הוראדנא": "horodno",
  "המבורג": "hamburg",
  "המבורגו": "hamburg",
  "המבורגי": "hamburg",
  "הנאו?": "hanau",
  "הענוויא": "venice",
  "וואנזבעק": "wannsee",
  "וואנזיבעק": "wandsbek",
  "ווארשא": "warsaw",
  "ווארשויא": "warsaw",
  "ווארשע": "warsaw",
  "ווילהרמרשדארף": "wilhelmersdorf",
  "ווילמרשדארף": "wilmersdorf",
  "ווילנא": "vilna",
  "ווילנא והוראדנא": "vilna and horodna",
  "ווין": "vienna",
  "וויניציאה": "venice",
  "וויען": "vienna",
  "ווירונא": "verona",
  "וינה": "vienna",
  "ויניזיא": "venice",
  "ויניזיאה": "venice",
  "וינייציא": "venice",
  "ויניציא": "venice",
  "ויניציאה": "venice",
  "ויניציה": "venice",
  "ויניצייא": "venice",
  "ויניצייאה": "venice",
  "וינציאה": "venice",
  "וירונה": "verona",
  "וניציאה": "venice",
  "ונציה": "venice",
  "ורנקפורט": "frankfurt",
  "ורנקפורט דמיין": "frankfurt am main",
  "ורשה": "warsaw",
  "זאלקווא": "zolkiew",
  "זאלקווי": "zolkiew",
  "זולץ באך": "zulzbach",
  "זולצבאך": "sulzbach",
  "זולצבאך?": "sulzbach",
  "טריאסטי": "trieste",
  "יוהנסבורג?": "johannesburg",
  "יוזעפאף": "josefov",
  "יעסניץ": "jesenice",
  "יפו": "jaffa",
  "ירושלים": "jerusalem",
  "ירושלים?": "jerusalem",
  "ירושלם": "jerusalem",
  "כארקאוו": "krakow",
  "לאשצוב": "leszno",
  "לבוב": "lviv",
  "לבוב?": "lviv",
  "לובלין": "lublin",
  "לוד": "lod",
  "לונדון": "london",
  "ליוורנו": "livorno",
  "ליידן": "leiden",
  "ליסבון": "lisbon",
  "ליעדז": "lodz",
  "ליק": "lyck",
  "לעמברג": "lviv",
  "מאסקווע": "moscow",
  "מינסק": "minsk",
  "מיץ": "mainz",
  "מנטובה": "mantua",
  "מרחביה": "merhavia",
  "נא אמון": "thebes",
  "נויארק": "new york",
  "ניו יארק": "new york",
  "ניו יורק": "new york",
  "ניו-יארק": "new york",
  "ניו-יורק": "new york",
  "סאלוניקי": "thessaloniki",
  "סט. לואיס": "st louis",
  "עדן": "aden",
  "פאר\"יש": "paris",
  "פאריאש": "paris",
  "פאריז": "paris",
  "פיורדא": "furth",
  "פירארה": "ferrara",
  "פירינצי": "florence",
  "פיררא": "ferrara",
  "פראג": "prague",
  "פראנקפורט דאדר": "frankfurt",
  "פרגי'": "prague",
  "פרנקוורט דמיין": "frankfurt am main",
  "פרנקפורט": "frankfurt",
  "פרנקפורט (דמיין)": "frankfurt am main",
  "פרנקפורט דאדר": "frankfurt am main",
  "פרנקפורט דאדרא": "frankfurt am main",
  "פרנקפורט דאדרה": "frankfurt am main",
  "פרנקפורט דמיין": "frankfurt am main",
  "פשעמישל": "przemysl",
  "צפת": "safed",
  "קארעץ": "karc",
  "קושטאנדינא": "constantinople",
  "קושטאנטינא": "constantinople",
  "קושטנדינא": "constantinople",
  "קושטנדינה": "istanbul",
  "קעניגסבערג": "konigsberg",
  "קראקא": "krakow",
  "קרימונה": "cremona",
  "קרימוני": "cremona",
  "רומי": "rome",
  "ריגא": "riga",
  "ריווא דטרינט": "rio de trento",
  "ריווא דטרינטו": "rovigo",
  "ריווא די טרינטו?": "rovereto",
  "ריווא די טרנטו": "rovereto",
  "ריווה דטרינטו": "regensburg",
  "רמת-גן": "ramat gan",
  "רעדלהיים": "riedelheim",
  "שאלוניקי": "salonika",
  "שאלוניקי-ויניציאה": "salonika venice",
  "שיקאגא": "chicago",
  "תל אביב": "tel aviv",
  "תל-אביב": "tel aviv",
  "תל-אביב?": "tel aviv",
  "استانبول": "istanbul",
  "انكلترا ?،": "england"
}